{
    "LM1" : {
        "Intercept": 0.546129873,
        "22": -0.854141312,
        "24": -0.513776497
    },
    "LM2" : {
        "Intercept": 0.865607488,
        "0": 0.281032318,
        "1": -0.520351619,
        "2": -0.143957775,
        "3": 0.23982899,
        "4": 0.49431245,
        "5": 0.289347926
    },
    "LM3" : {
        "Intercept": 0.098906684,
        "6": 0.320739811,
        "10": 0.415840572,
        "18": 0.116140378,
        "19": 0.107087424,
        "23": 0.164021117,
        "23,23": 0.057279026    
    },
    "LM4" : {
        "Intercept": -1.012894786,
        "0": 0.056518055,
        "1": -0.605646751
    },
    "LM5" : { 
        "Intercept": 0.711369174,
        "0": 0.2981759,
        "1": -0.840922831,
        "2": -0.140349855,
        "3": 0.576246672,
        "4": -0.122696591
    },
    "LM6" : {
        "Intercept": -3.096480808,
        "0": 1.211138879,
        "1": -0.261537076,
        "2": -2.142018827
    },
    "LM7" : {
        "Intercept": 0.033553847,
        "9": -0.113266926,
        "10": 0.379145398,
        "11": -0.125613132,
        "22": -0.443624199,
        "22,23": 0.374674546
    },
    "LM8" : {
        "Intercept": -0.029520105,
        "0": -0.172374707,
        "1": 0.305808277,
        "2": -0.083716602,
        "3": -0.461732392,
        "4": -0.355865373,
        "5": 0.376589083,
        "6": -0.314297904,
        "7": 0.799006165,
        "8": 0.173324697
    },
    "LM9" : {
        "Intercept": -1.012894786,
        "0": 0.056518055,
        "1": -0.605646751
    },
    "LM10" : {
        "Intercept": -0.237407535,
        "0": 0.174314365,
        "1": 0.820391624,
        "2": 0.759151891,
        "3": -0.086361734
    },
    "LM11" : {
        "Intercept": 0.013879597,
        "8": -0.241796882,
        "9": -0.26177397,
        "15": 0.173760509
    },
    "LM12" : {
        "Intercept": -0.195486349,
        "10": 0.218782503,
        "13": 0.073330847,
        "9,12": -0.119377633,
        "9,23": 0.119499981,
        "22,23": 0.556815399
    },
    "LM13" : {
        "Intercept": -0.238374373,
        "2": -0.197928718,
        "13": 0.138010779,
        "22": -0.499207337,
        "23": 0.239553154
    },
    "LM14" : {
        "Intercept": -1.012894786,
        "0": 0.056518055,
        "1": -0.605646751
    },
    "LM15" : {
        "Intercept": -0.967329138,
        "10": 0.638985256,
        "13": -0.150679837
    },
    "LM16" : {
        "Intercept": -0.000628989,
        "10": 0.501351088,
        "15": -0.092483674,
        "22": -1.316469435,
        "24": -0.358878278
    },
    "LM17" : {
        "Intercept": -0.014747574,
        "0": -0.265748405,
        "1": 0.292535036,
        "2": -0.159837666,
        "3": -0.069254857,
        "4": -0.394764768,
        "5": 0.304924065,
        "6": 0.11689598,
        "7": -0.228032909,
        "8": -0.347919822,
        "9": 0.149944215,
        "10": -0.067325866
    },
    "LM18" : {
        "Intercept": -0.102758737,
        "9": -0.21616794,
        "10": 0.390822859,
        "12": 0.140794672,
        "16": 0.112532186,
        "22": -0.173358979,
        "9,9": 0.082916488
    },
    "LM19" : {
        "Intercept": -1.012894786,
        "0": 0.056518055,
        "1": -0.605646751
    },
    "LM20" : {
        "Intercept": 0.716654022,
        "0": -0.143473039,
        "1": 0.55078437,
        "2": -0.457163919
    }
}